date,energy
2015-01-01,0.4600976266563527
2015-01-02,0.4566098781011281
2015-01-03,0.6763298595312635
2015-01-04,0.7306177455670558
2015-01-05,0.9251713346984961
2015-01-06,0.5367401012985824
2015-01-07,-1.2392938379853562
2015-01-08,-1.8996161910379836
2015-01-09,0.060599944988193065
2015-01-10,0.9354194585120069
2015-01-11,1.1098061067249012
2015-01-12,0.2093226009273253
2015-01-13,0.027063928797993384
2015-01-14,0.38893978069658747
2015-01-15,0.06422405048122705
2015-01-16,-0.12943068998388066
2015-01-17,0.43519208556310907
2015-01-18,-0.1138472606318661
2015-01-19,-0.6742579226225038
2015-01-20,-0.7008813911507236
2015-01-21,-0.5086066453545225
2015-01-22,0.015024025129324823
2015-01-23,-0.044601985332993734
2015-01-24,0.5042103493201627
2015-01-25,0.470509283080437
2015-01-26,0.5462599630020947
2015-01-27,0.18930400085830185
2015-01-28,0.7674539890702994
2015-01-29,0.7091094524496467
2015-01-30,1.1291341658790475
2015-01-31,0.06476980175318968
2015-02-01,0.9419269027638553
2015-02-02,0.16248917583948225
2015-02-03,0.2243764539124584
2015-02-04,0.6509151630122522
2015-02-05,0.4322309467479289
2015-02-06,0.4445064753361541
2015-02-07,-0.5948697465093172
2015-02-08,0.22150938849870255
2015-02-09,1.1809982488148199
2015-02-10,1.1535355461502912
2015-02-11,0.5487865749178784
2015-02-12,-1.3114306390105623
2015-02-13,-2.478973126605719
2015-02-14,-2.270752532761835
2015-02-15,-1.2746621379913379
2015-02-16,-0.032569680944971605
2015-02-17,0.1898234796381524
2015-02-18,0.3754559293452471
2015-02-19,-0.3014936171442384
2015-02-20,-1.251081593113897
2015-02-21,0.04784167170693035
2015-02-22,0.3497265777921747
2015-02-23,-0.9208358338432637
2015-02-24,-0.12440601009743586
2015-02-25,-0.26028557591487367
2015-02-26,-0.5590720549163263
2015-02-27,0.22426411823207149
2015-02-28,-0.5198332823999251
2015-03-01,-0.0804342797994636
2015-03-02,1.0645347695006957
2015-03-03,-0.07252685239757907
2015-03-04,-0.08320445523191781
2015-03-05,0.524424982698077
2015-03-06,0.919838138150915
2015-03-07,0.9812694473695276
2015-03-08,0.23162390035941655
2015-03-09,-0.2553796734859663
2015-03-10,-0.4478036586158016
2015-03-11,-0.6366379760173633
2015-03-12,0.7668499617271247
2015-03-13,0.44402614823976877
2015-03-14,-1.6132472034692296
2015-03-15,-0.4399257356732712
2015-03-16,0.37407979431013294
2015-03-17,-0.16496881507803762
2015-03-18,-1.19118920773497
2015-03-19,-0.4054423893630748
2015-03-20,-0.5968443287909868
2015-03-21,-0.09469547816177554
2015-03-22,0.008019370043958356
2015-03-23,-0.49142233474516744
2015-03-24,-0.14323136960914098
2015-03-25,0.8443518381303512
2015-03-26,-0.2730913452407393
2015-03-27,0.5580896556706267
2015-03-28,1.1548778136102356
2015-03-29,0.356794010501453
2015-03-30,0.847621651846713
2015-03-31,0.6784217602052548
2015-04-01,0.7293647076033897
2015-04-02,0.11370282770787177
2015-04-03,0.47015771433605735
2015-04-04,-0.0600732668389033
2015-04-05,0.4870749792961436
2015-04-06,1.0776872964122217
2015-04-07,1.145998058973271
2015-04-08,1.225059557713371
2015-04-09,0.7723817260360472
2015-04-10,-0.8724737095332674
2015-04-11,-0.14613071915651582
2015-04-12,-0.42477078821516817
2015-04-13,-0.44416969052692534
2015-04-14,-0.666672427043178
2015-04-15,-0.6109123640343225
2015-04-16,-0.4224648376758188
2015-04-17,0.22413498766179774
2015-04-18,0.3942147559705146
2015-04-19,0.6287011335068893
2015-04-20,0.1341818752141863
2015-04-21,0.7304183192562083
2015-04-22,0.03457072231254106
2015-04-23,0.45593050295465715
2015-04-24,-0.15920994246294642
2015-04-25,-1.948321115191462
2015-04-26,-0.9027910489470493
2015-04-27,0.3059280279129076
2015-04-28,0.8370197678101919
2015-04-29,-0.1998689005352145
2015-04-30,0.45632369356526065
2015-05-01,0.8337177981963414
2015-05-02,0.8209027111386258
2015-05-03,-0.26362002458251893
2015-05-04,-0.9453896181130511
2015-05-05,-0.28165931377289216
2015-05-06,0.024284517954748903
2015-05-07,0.18146484870792504
2015-05-08,-0.6885250086020079
2015-05-09,0.1411242316602934
2015-05-10,1.009887740051657
2015-05-11,0.944275803767762
2015-05-12,0.15698957787784612
2015-05-13,0.03222081089618452
2015-05-14,1.1745656320986484
2015-05-15,0.8474208213834038
2015-05-16,0.10221754636480433
2015-05-17,0.4698947498656853
2015-05-18,-0.09956702409745098
2015-05-19,-0.3811789127664093
2015-05-20,0.4617433184759856
2015-05-21,0.2705741695742424
2015-05-22,0.6478621945784242
2015-05-23,0.777069430019731
2015-05-24,-0.5480991576851859
2015-05-25,-0.7690559009563132
2015-05-26,-0.8787693857422777
2015-05-27,0.7555638816210658
2015-05-28,0.9186268113263918
2015-05-29,0.01927557159385433
2015-05-30,-0.6252491463904302
2015-05-31,-1.521374428610467
2015-06-01,-1.9390677439397008
2015-06-02,-0.925396506530806
2015-06-03,-0.023200505782918927
2015-06-04,0.0348923329804196
2015-06-05,0.4602389297470231
2015-06-06,-0.6879349937598268
2015-06-07,-0.6714364711071901
2015-06-08,-0.9127605870713786
2015-06-09,-1.3831613501949171
2015-06-10,-1.1592489954630578
2015-06-11,-0.7457166233411394
2015-06-12,-0.9905088783451704
2015-06-13,-0.33393876533011796
2015-06-14,0.7229183470138687
2015-06-15,0.08576547544863103
2015-06-16,-0.19252313182716457
2015-06-17,0.4968455054979775
2015-06-18,1.2732178747870755
2015-06-19,0.002282492171167244
2015-06-20,-0.33220761505579594
2015-06-21,0.8242390954913983
2015-06-22,0.184734066711987
2015-06-23,1.0602858091560672
2015-06-24,0.6240361909394901
2015-06-25,0.6653478014221574
2015-06-26,1.1658226936795029
2015-06-27,0.9844602986613892
2015-06-28,0.5459496052453217
2015-06-29,0.7801076461639629
2015-06-30,0.5283609433439657
2015-07-01,0.046043003641807495
2015-07-02,-0.9127675734076115
2015-07-03,-0.13231425544388084
2015-07-04,0.19552308849137368
2015-07-05,-1.0865209151788806
2015-07-06,-0.9732406399695721
2015-07-07,-1.1238117888813255
2015-07-08,0.19971616995916236
2015-07-09,0.555753522873934
2015-07-10,0.7909041418404307
2015-07-11,-0.2899517931790265
2015-07-12,-0.38004839769240545
2015-07-13,-0.12082354829465201
2015-07-14,-0.7582805633623062
2015-07-15,-0.48403890843482317
2015-07-16,-1.1572720063909376
2015-07-17,-0.897260224968994
2015-07-18,-0.77346963406608
2015-07-19,-0.7559879025001659
2015-07-20,-0.6043622450468192
2015-07-21,-0.10564577820321829
2015-07-22,-0.8863751488657905
2015-07-23,-0.3897338862546961
2015-07-24,-0.4723282472418539
2015-07-25,0.047837278283003486
2015-07-26,0.7669354215163563
2015-07-27,1.2007975852611725
2015-07-28,1.0480529155803393
2015-07-29,0.8863199305574233
2015-07-30,0.39731275664048904
2015-07-31,0.6247498453609042
2015-08-01,-0.07648630881286335
2015-08-02,-0.4542801151976103
2015-08-03,0.13852784893135772
2015-08-04,0.03049540094938355
2015-08-05,-0.14191097131245772
2015-08-06,0.4327778485400569
2015-08-07,0.05998699850398353
2015-08-08,-0.5723511077606718
2015-08-09,-0.2553600435271112
2015-08-10,-0.3037996580492278
2015-08-11,-0.42928053275280803
2015-08-12,0.3686339043812691
2015-08-13,0.3671910365178353
2015-08-14,-0.43853600032600376
2015-08-15,0.4916626783438457
2015-08-16,0.9800565580797765
2015-08-17,1.1493919048017538
2015-08-18,0.2891714629859731
2015-08-19,0.1643236705335998
2015-08-20,0.1130879134962034
2015-08-21,0.6020499691764868
2015-08-22,0.6332539718725895
2015-08-23,-1.1485957310462327
2015-08-24,-0.15225910002076037
2015-08-25,0.5974072863678461
2015-08-26,-0.18947174995024596
2015-08-27,-0.9048536622726
2015-08-28,-1.2705265441516933
2015-08-29,-0.28804796257954574
2015-08-30,-0.5058742662429494
2015-08-31,-0.9653381325588513
2015-09-01,-0.5995146514471604
2015-09-02,0.4455239442753629
2015-09-03,0.6159341052939757
2015-09-04,0.5489447429494254
2015-09-05,1.1828592766878827
2015-09-06,0.6873784791083136
2015-09-07,0.019832444291452204
2015-09-08,0.685736666959655
2015-09-09,0.42141723362313316
2015-09-10,0.7520132222495699
2015-09-11,-1.1313795614443403
2015-09-12,-1.08862332898484
2015-09-13,-0.4724108151802517
2015-09-14,0.840896673660767
2015-09-15,0.6751926044333542
2015-09-16,0.7249879537320875
2015-09-17,0.7336830518908588
2015-09-18,0.8240970976492494
2015-09-19,0.25268122200496057
2015-09-20,0.867188758332343
2015-09-21,1.5379417668176902
2015-09-22,0.32336602227517586
2015-09-23,0.9799272254319659
2015-09-24,0.36298455043367817
2015-09-25,-0.345144444550509
2015-09-26,0.6865173309454764
2015-09-27,1.0446971625763242
2015-09-28,0.9855671253818626
2015-09-29,1.0575909815770954
2015-09-30,0.6240305911594758
2015-10-01,-0.09891185328442385
2015-10-02,0.07951010474222185
2015-10-03,-0.32098166719337473
2015-10-04,0.3248250678523173
2015-10-05,0.3302232066261615
2015-10-06,0.7096965020014375
2015-10-07,0.9805292764445684
2015-10-08,-0.152801598161112
2015-10-09,-0.63818883728228
2015-10-10,0.5155421356292649
2015-10-11,1.0564376337001917
2015-10-12,-0.06002654619496698
2015-10-13,0.22292928636451523
2015-10-14,1.0137278054082128
2015-10-15,0.8840603185771571
2015-10-16,0.441716783517306
2015-10-17,-0.4457671845763127
2015-10-18,-1.047111352220159
2015-10-19,0.16946468544643836
2015-10-20,0.3442394639654873
2015-10-21,0.7863648998165953
2015-10-22,1.3505887371851784
2015-10-23,1.516712702934027
2015-10-24,1.13148211080096
2015-10-25,1.1261252732396358
2015-10-26,-1.8802492321811013
2015-10-27,-1.9428632140722315
2015-10-28,-0.6188726305301084
2015-10-29,0.07065129828444228
2015-10-30,0.4648231888493806
2015-10-31,1.0042638927041276
2015-11-01,0.6783550902312513
2015-11-02,-0.19910644177061063
2015-11-03,-0.9229306215092915
2015-11-04,-0.40941709042037217
2015-11-05,-1.4586605804192818
2015-11-06,-0.47508286835899527
2015-11-07,0.6798643880095167
2015-11-08,0.2764769372646093
2015-11-09,0.16065962970372913
2015-11-10,-0.2279466595519209
2015-11-11,-0.9085883622552998
2015-11-12,-1.4291812518816631
2015-11-13,-0.9016334652924389
2015-11-14,-0.28202239423057907
2015-11-15,-0.9095232568478308
2015-11-16,-1.0343306491342912
2015-11-17,-0.5506388184508852
2015-11-18,-0.5243015988582536
2015-11-19,-1.012185111711548
2015-11-20,0.9642576727033214
2015-11-21,1.504797020488304
2015-11-22,1.208578178327346
2015-11-23,-1.086147328215638
2015-11-24,-0.3461789259245853
2015-11-25,0.19044920530488482
2015-11-26,0.5740550339417898
2015-11-27,0.6247890395991758
2015-11-28,0.2315058023512179
2015-11-29,-0.45252673040176744
2015-11-30,0.49057015895108735
2015-12-01,0.6797215026932348
2015-12-02,-0.956382746887399
2015-12-03,-1.4674534637975734
2015-12-04,-1.6856789759504356
2015-12-05,-1.8335427444733121
2015-12-06,-1.5577951707987694
2015-12-07,-1.4608296794027216
2015-12-08,-0.9975771386781267
2015-12-09,-0.8516054500122497
2015-12-10,0.9911822206698404
2015-12-11,0.7121217901338294
2015-12-12,-0.2170576809673796
2015-12-13,-0.7042789995642617
2015-12-14,-1.9097367813490542
2015-12-15,-1.1986070877870332
2015-12-16,0.36033880680564473
2015-12-17,0.17912290129027808
2015-12-18,-0.85047951353295
2015-12-19,-0.5942920794247941
2015-12-20,-0.5470991744628922
2015-12-21,-1.0276400385820246
2015-12-22,-0.5892993507545929
2015-12-23,-0.9719470561804952
2015-12-24,-0.33355605336545785
2015-12-25,-0.40790617286702874
2015-12-26,-0.45077889466874
2015-12-27,-1.1573067094107168
2015-12-28,-1.1394598668553888
2015-12-29,-0.13144819316942788
2015-12-30,0.29789879187612434
2015-12-31,-0.41125541157931944
2016-01-01,-2.220460620832387
2016-01-02,-0.02192586674487941
2016-01-03,0.6504990484325218
2016-01-04,0.7092364500279527
2016-01-05,0.32890628268238276
2016-01-06,0.6688149110321233
2016-01-07,0.5470828070720554
2016-01-08,0.5831402236423656
2016-01-09,0.6807245530507704
2016-01-10,0.8956802563362453
2016-01-11,0.9681977212677538
2016-01-12,1.018645537055082
2016-01-13,0.7031365749208921
2016-01-14,0.4687971821476951
2016-01-15,0.5908175501948714
2016-01-16,0.6403543369322552
2016-01-17,1.042206665883679
2016-01-18,0.8035738857479342
2016-01-19,-0.8890645885007181
2016-01-20,-0.915266410344635
2016-01-21,-0.9147359638993346
2016-01-22,-0.777604520771548
2016-01-23,-0.5440115018191072
2016-01-24,0.2896411355965879
2016-01-25,-0.3151656318986334
2016-01-26,-0.13883229208027925
2016-01-27,-0.8459313451956162
2016-01-28,-1.1323588236099402
2016-01-29,-1.1198230357149848
2016-01-30,0.035630478603147914
2016-01-31,1.0107446419112331
2016-02-01,0.03127607801437466
2016-02-02,0.13083503570756638
2016-02-03,0.811974283220791
2016-02-04,0.9934862072624225
2016-02-05,0.6180455800948664
2016-02-06,-0.6602034707323088
2016-02-07,0.17898406497051583
2016-02-08,0.3057780568266263
2016-02-09,0.9121201494088753
2016-02-10,1.0180797176840863
2016-02-11,0.18690296531530273
2016-02-12,0.2730432977657471
2016-02-13,0.9516455618341738
2016-02-14,0.799011844928157
2016-02-15,0.42353702138452515
2016-02-16,-0.10760552176569026
2016-02-17,-0.1399963630551589
2016-02-18,-0.07418972666378437
2016-02-19,0.6287807007848606
2016-02-20,0.5033507576948296
2016-02-21,0.5391792967520388
2016-02-22,0.30839928318856324
2016-02-23,0.4466129627980666
2016-02-24,0.04089763830667374
2016-02-25,0.1705431659113248
2016-02-26,-0.0317851541003919
2016-02-27,-0.04798600231890438
2016-02-28,0.8087723052968636
2016-02-29,0.5664428820669157
2016-03-01,-0.3203466757276658
2016-03-02,0.13809668811708925
2016-03-03,0.9127908604286856
2016-03-04,0.41712158550452916
2016-03-05,0.5666125092765703
2016-03-06,0.5306104554483797
2016-03-07,0.5959883709314233
2016-03-08,-0.30114809407805
2016-03-09,-1.0066772216955153
2016-03-10,-0.7045866512903082
2016-03-11,-0.778613196939476
2016-03-12,0.4389849243498377
2016-03-13,0.35827803184663776
2016-03-14,0.5844877660885889
2016-03-15,-0.8783184327234611
2016-03-16,-1.4558723866447834
2016-03-17,-0.07652057954841057
2016-03-18,-0.2630231943399947
2016-03-19,-0.530606900644656
2016-03-20,-0.1599617080528831
2016-03-21,-0.39493564604466014
2016-03-22,-0.3270859855459509
2016-03-23,0.4441480394035909
2016-03-24,0.8132071369640617
2016-03-25,-0.024086607989860166
2016-03-26,-0.7308764658579752
2016-03-27,-0.29525073795357326
2016-03-28,0.3116100388208003
2016-03-29,0.3878194998400577
2016-03-30,-0.2365331392763992
2016-03-31,-0.15721500240390937
2016-04-01,-0.3757356522497939
2016-04-02,-0.5255284962587736
2016-04-03,-1.240055105968887
2016-04-04,-1.4693300600473616
2016-04-05,-1.6644966472340328
2016-04-06,-1.3134894447931442
2016-04-07,-0.663008918987934
2016-04-08,-0.26209203773240675
2016-04-09,0.5814392505455304
2016-04-10,0.462418182208963
2016-04-11,0.39794748673998653
2016-04-12,-0.008540974838359416
2016-04-13,0.47041932930825253
2016-04-14,0.5394181672256937
2016-04-15,-0.5014264666513464
2016-04-16,0.3719401297621142
2016-04-17,0.39248245265186504
2016-04-18,0.07626549390210599
2016-04-19,0.44656088453485576
2016-04-20,0.9108770060096778
2016-04-21,-0.1782495330601761
2016-04-22,-0.06758664584769163
2016-04-23,0.6460932438570376
2016-04-24,1.0380630325056022
2016-04-25,0.9527030501581103
2016-04-26,0.6426306268960249
2016-04-27,0.653286389915833
2016-04-28,-0.5249596540380479
2016-04-29,-0.6136074327022263
2016-04-30,-1.201399352029065
2016-05-01,0.30533631049184545
2016-05-02,-0.04052675464691846
2016-05-03,0.9298038504916928
2016-05-04,0.8669235381829838
2016-05-05,0.6715383022121255
2016-05-06,-0.28491112366659865
2016-05-07,-1.092491511646895
2016-05-08,-0.841254624092977
2016-05-09,-1.6609346794494761
2016-05-10,-0.7790879360579143
2016-05-11,-0.11515367984088636
2016-05-12,0.8467574329051475
2016-05-13,1.0261497593467945
2016-05-14,0.9042642074025286
2016-05-15,0.8198259328116387
2016-05-16,-0.08820590344901906
2016-05-17,-0.8859879235092535
2016-05-18,-0.9554740842823565
2016-05-19,0.5519821395553889
2016-05-20,0.32437734524870687
2016-05-21,1.1156670237023787
2016-05-22,-0.03805673774743772
2016-05-23,0.8453435868911795
2016-05-24,0.9700753635662395
2016-05-25,0.16631428476212562
2016-05-26,-1.3575892552918996
2016-05-27,-1.6134473106373854
2016-05-28,-0.7777234523166853
2016-05-29,0.2834704787164259
2016-05-30,0.9447117591126215
2016-05-31,0.7701909040927732
2016-06-01,0.009614631738992494
2016-06-02,0.8789834454238408
2016-06-03,0.20088013407151892
2016-06-04,-0.6834309420243798
2016-06-05,-1.0304640308168096
2016-06-06,-0.8481480069387634
2016-06-07,-0.05752048692725967
2016-06-08,-0.300381598367881
2016-06-09,-0.11329162263486228
2016-06-10,-1.4967580985971476
2016-06-11,0.13866065648794848
2016-06-12,0.6354502189098682
2016-06-13,0.48254163917129617
2016-06-14,0.8769168630755059
2016-06-15,0.8789438960373619
2016-06-16,0.8971431799950434
2016-06-17,0.7360661735042717
2016-06-18,-0.5375784582505828
2016-06-19,-0.0868334043430293
2016-06-20,-0.47580547030834214
2016-06-21,-0.26797104549875567
2016-06-22,0.6230612836795508
2016-06-23,0.9650492404104224
2016-06-24,0.4908316449528418
2016-06-25,-0.3556443660506752
2016-06-26,-0.5494685636089534
2016-06-27,0.9103578039877626
2016-06-28,0.7797109386452651
2016-06-29,-0.13166276674472788
2016-06-30,-0.9808467190731855
2016-07-01,-1.7113004863517982
2016-07-02,-0.9821596799559371
2016-07-03,-0.10885317674655785
2016-07-04,-0.13033258563532552
2016-07-05,-0.8333978485256058
2016-07-06,-0.8864472449322923
2016-07-07,-0.2888944577740322
2016-07-08,-0.6641136965454124
2016-07-09,-0.7099897661924918
2016-07-10,-1.7211667177163978
2016-07-11,-1.8888974659890998
2016-07-12,-0.852391870333002
2016-07-13,0.5952842849075446
2016-07-14,1.061671496196066
2016-07-15,0.7103479362244604
2016-07-16,1.3108020095177444
2016-07-17,1.0046919409843542
2016-07-18,0.74464967334524
2016-07-19,0.788388915534438
2016-07-20,0.663139687008217
2016-07-21,-0.6626224292085429
2016-07-22,-0.14576129062451043
2016-07-23,-1.0143006371430388
2016-07-24,-0.41394353300553166
2016-07-25,-0.5011560714102278
2016-07-26,0.15891407027580048
2016-07-27,-0.35590337982550213
2016-07-28,-0.7064469542628542
2016-07-29,-0.7467047411835344
2016-07-30,-0.7035015578751826
2016-07-31,-0.06940686233983841
2016-08-01,0.8382456480807544
2016-08-02,0.5805898155985495
2016-08-03,0.4123982491828855
2016-08-04,-0.5981025688248703
2016-08-05,0.16725824902692915
2016-08-06,0.5223022940670244
2016-08-07,1.1179865414600434
2016-08-08,0.8718011613434582
2016-08-09,0.04033909498961068
2016-08-10,0.8675997160728136
2016-08-11,0.4642001112249415
2016-08-12,1.3498011840565751
2016-08-13,1.053497714408722
2016-08-14,-0.23575354696699957
2016-08-15,-0.8841845338954766
2016-08-16,-0.3912448574325907
2016-08-17,0.5334970635961658
2016-08-18,0.01961531205844995
2016-08-19,-0.041099136366391155
2016-08-20,-1.1406863384475034
2016-08-21,-0.7315361170999587
2016-08-22,1.1617098368543934
2016-08-23,1.4262936779748652
2016-08-24,1.3025242466510742
2016-08-25,0.9905871233168614
2016-08-26,0.2581840505657713
2016-08-27,-0.5553738068105218
2016-08-28,-0.9452531306107194
2016-08-29,-0.07806031600195273
2016-08-30,-1.091983662039747
2016-08-31,-0.5985482408877164
2016-09-01,-0.6309886445674274
2016-09-02,0.30702060294880307
2016-09-03,0.4350588174044334
2016-09-04,-0.4629020193219977
2016-09-05,1.1530554695650177
2016-09-06,1.377057700127421
2016-09-07,0.1379998965093239
2016-09-08,0.686395428943678
2016-09-09,0.4876710641762888
2016-09-10,-0.9754468427527998
2016-09-11,-0.8892027205043768
2016-09-12,-0.7901519458738319
2016-09-13,-1.4358185237159542
2016-09-14,-1.9181071398088556
2016-09-15,-0.44621018965179643
2016-09-16,-0.09806842320730363
2016-09-17,1.1389040385539348
2016-09-18,0.739941800748465
2016-09-19,0.5950470211772736
2016-09-20,0.4919163501774109
2016-09-21,-1.0062528358658367
2016-09-22,-0.13946302940762229
2016-09-23,-0.76237790106307
2016-09-24,-1.5894760153344039
2016-09-25,-0.9577413510949666
2016-09-26,-0.5098021750180459
2016-09-27,-0.7732837562513882
2016-09-28,-0.33625904521762995
2016-09-29,-1.2758555475320266
2016-09-30,-0.7550554450674821
2016-10-01,-0.7960077750436294
2016-10-02,0.5724004131956726
2016-10-03,0.7364092375984199
2016-10-04,0.1490960313123268
2016-10-05,0.7505125169051793
2016-10-06,-1.0015811228434122
2016-10-07,0.8112494762433866
2016-10-08,0.12622599230513104
2016-10-09,-0.10187850356606425
2016-10-10,0.20705937830446083
2016-10-11,-0.22401390835917703
2016-10-12,0.681072384287105
2016-10-13,-0.15428845938985283
2016-10-14,0.8302349460162708
2016-10-15,0.7052973057067601
2016-10-16,0.05774955872350913
2016-10-17,-0.7280174336126836
2016-10-18,-0.2825860927824177
2016-10-19,-0.3247900310439924
2016-10-20,0.3429949525366038
2016-10-21,0.3335942905469088
2016-10-22,-0.7150850994416916
2016-10-23,-1.3515700929817394
2016-10-24,-1.0516597127871843
2016-10-25,-0.7560129237124233
2016-10-26,0.03632208404939818
2016-10-27,0.9425313564066953
2016-10-28,1.548668260245422
2016-10-29,1.1810615485977682
2016-10-30,1.1768206896966507
2016-10-31,1.145515324637507
2016-11-01,-0.20833585624448106
2016-11-02,1.0900213952936229
2016-11-03,0.8774210126675849
2016-11-04,-0.4462733970917043
2016-11-05,0.8632695930154648
2016-11-06,1.267421894493464
2016-11-07,0.9203603113627654
2016-11-08,0.07993419706848016
2016-11-09,0.6326695587879424
2016-11-10,0.7079291283709036
2016-11-11,1.1334802896279117
2016-11-12,1.2140798981208003
2016-11-13,-0.4763187989239388
2016-11-14,-0.8907145771292794
2016-11-15,-0.08436198165873258
2016-11-16,-1.4957952029485584
2016-11-17,-0.7600857705718146
2016-11-18,-0.23614201439455146
2016-11-19,0.3841818689033677
2016-11-20,-0.5044854569725487
2016-11-21,-0.314020934163537
2016-11-22,-0.35637593747018026
2016-11-23,-0.6247995735261023
2016-11-24,-0.4815373466530988
2016-11-25,-0.035393667008822106
2016-11-26,-1.8241988757772611
2016-11-27,-1.8908236639386762
2016-11-28,-0.13645728877949678
2016-11-29,1.4107561489760425
2016-11-30,1.3358016331329512
2016-12-01,0.3017211769777934
2016-12-02,1.0878242655370212
2016-12-03,-1.9661708003929117
2016-12-04,-1.1500542542548087
2016-12-05,-1.007935413201152
2016-12-06,-1.1721446323741591
2016-12-07,0.5162646081250294
2016-12-08,-0.34945479285708975
2016-12-09,-1.5749903093751532
2016-12-10,-0.6792060700338567
2016-12-11,-0.06339415240960361
2016-12-12,0.21992447188444766
2016-12-13,0.4032514241690468
2016-12-14,-2.1124146383160745
2016-12-15,-0.42824081316267637
2016-12-16,0.20130504453839154
2016-12-17,0.19492604407739753
2016-12-18,-1.2010231600056205
2016-12-19,-0.17875108103398687
2016-12-20,0.580440978952209
2016-12-21,0.009725288556199637
2016-12-22,-0.1242404286219875
2016-12-23,0.5733992411067674
2016-12-24,0.0682663553592164
2016-12-25,0.20616548858972036
2016-12-26,-0.2855898033395398
2016-12-27,0.821517168577021
2016-12-28,1.1321450687764498
2016-12-29,1.3341432179432646
2016-12-30,1.1030842473002196
2016-12-31,0.7785580538983061
2017-01-01,-0.4432058094062409
2017-01-02,0.4655309306558816
2017-01-03,0.7069083612386358
2017-01-04,0.3529952746413872
2017-01-05,1.1610210940247923
2017-01-06,1.2755006710827332
2017-01-07,1.1719639119398753
2017-01-08,0.9026702088690615
2017-01-09,0.8809071068503213
2017-01-10,-0.8382030061448421
2017-01-11,0.07105285155445584
2017-01-12,0.6877461438993078
2017-01-13,1.1735000152608865
2017-01-14,0.4988778326068873
2017-01-15,-0.5714654001494839
2017-01-16,-0.18666316033380217
2017-01-17,0.02604554953182644
2017-01-18,-0.37960427344768616
2017-01-19,0.5052953086904536
2017-01-20,-0.11573491693984943
2017-01-21,-0.32337476533147513
2017-01-22,0.15282720712850123
2017-01-23,0.5912180472825396
2017-01-24,0.36878040825803354
2017-01-25,0.6169385875867265
2017-01-26,-0.2428451801313742
2017-01-27,-1.801437011242567
2017-01-28,-1.8853944850939817
2017-01-29,-0.9209200602010992
2017-01-30,-1.7390259423968881
2017-01-31,0.03622050745291201
2017-02-01,0.6130267086151521
2017-02-02,0.21050357304774017
2017-02-03,0.8068552391342485
2017-02-04,1.0617848373637035
2017-02-05,0.9527968439594958
2017-02-06,0.6721826064173434
2017-02-07,-0.08288456860528988
2017-02-08,-1.2300028159959966
2017-02-09,0.08151033675562772
2017-02-10,-0.3012389709325512
2017-02-11,-1.4015515390858906
2017-02-12,-2.0134025097455988
2017-02-13,-1.2870353812221675
2017-02-14,-0.011715648665962888
2017-02-15,-0.11166375548581274
2017-02-16,-0.7980255451658717
2017-02-17,0.14753070115143446
2017-02-18,0.31199948532853294
2017-02-19,0.04210338839093393
2017-02-20,-1.1344224336298492
2017-02-21,-0.05988757182712556
2017-02-22,0.511213488028625
2017-02-23,0.37599918870056126
2017-02-24,0.8605565471694806
2017-02-25,0.8420996830035864
2017-02-26,0.14369648784341207
2017-02-27,-0.2812278186091172
2017-02-28,0.7781853936776614
2017-03-01,0.7740341509222036
2017-03-02,0.42281356870254716
2017-03-03,-0.8634643093111437
2017-03-04,0.6712805229070906
2017-03-05,0.7261914092707672
2017-03-06,1.0985005985976144
2017-03-07,0.9459676889864117
2017-03-08,1.2890230982326354
2017-03-09,0.9621918655089826
2017-03-10,1.1642498675805328
2017-03-11,1.2281909083247993
2017-03-12,0.4680264400567521
2017-03-13,0.0014098985383589654
2017-03-14,0.3912049759831435
2017-03-15,0.2949076595247919
2017-03-16,0.5214443405492374
2017-03-17,0.11085309862519645
2017-03-18,1.100871758375839
2017-03-19,0.7812398954600189
2017-03-20,-0.5471240976981651
2017-03-21,-1.7750462778762979
2017-03-22,-0.7748828584112272
2017-03-23,-0.8176276780456636
2017-03-24,-2.3506523590410238
2017-03-25,-1.3208056713088412
2017-03-26,0.477274997963172
2017-03-27,0.29336044286914015
2017-03-28,0.2032506759226245
2017-03-29,0.14037094047027746
2017-03-30,0.5997174173115011
2017-03-31,-0.024200144622203892
2017-04-01,-0.4402985809760638
2017-04-02,0.437815471243426
2017-04-03,-0.0018339191896880244
2017-04-04,-1.3302584228638137
2017-04-05,-1.8256083840327149
2017-04-06,-0.9465395051926005
2017-04-07,-0.15318677529163607
2017-04-08,-0.7298329918311947
2017-04-09,-0.9587850127200859
2017-04-10,-1.8162112811624727
2017-04-11,-0.7303879494541365
2017-04-12,-0.3695147973997114
2017-04-13,0.3951061425436882
2017-04-14,0.481979405522106
2017-04-15,0.3162481355285542
2017-04-16,0.40800102496729457
2017-04-17,0.312921244651845
2017-04-18,0.5798527252127271
2017-04-19,0.967430678345607
2017-04-20,0.9328404191733529
2017-04-21,0.7614535302251716
2017-04-22,0.25966336069244333
2017-04-23,0.6196041359831144
2017-04-24,-0.7475542682838122
2017-04-25,0.15711565407910094
2017-04-26,0.46504386443080425
2017-04-27,0.47193114880833126
2017-04-28,0.6536785860064653
2017-04-29,0.18245594493501385
2017-04-30,0.47866128367638455
2017-05-01,0.24729653417087258
2017-05-02,-0.16729541924245667
2017-05-03,-1.225254832210563
2017-05-04,-1.022800838461955
2017-05-05,-0.4471917593495696
2017-05-06,-0.528448235888795
2017-05-07,0.852712231593503
2017-05-08,0.014150954684137613
2017-05-09,0.07561135561679073
2017-05-10,-0.8207964744193942
2017-05-11,0.37933040020483466
2017-05-12,0.12555444727522833
2017-05-13,0.4558890206619812
2017-05-14,-0.3700146219555597
2017-05-15,-0.23067303709636594
2017-05-16,0.9573795103081013
2017-05-17,0.8821570048780679
2017-05-18,-0.36777402416690497
2017-05-19,-0.06538402623166603
2017-05-20,0.7362515560362529
2017-05-21,1.0578026806285552
2017-05-22,0.37962608706236806
2017-05-23,-0.9034572175356701
2017-05-24,-0.9143919469171794
2017-05-25,0.38853506035739976
2017-05-26,1.0093691853602396
2017-05-27,0.8009190512488488
2017-05-28,0.36175759582918066
2017-05-29,-1.2776287096379706
2017-05-30,-0.2814456685946211
2017-05-31,-0.4403994659207601
2017-06-01,-1.069752146860672
2017-06-02,-0.5004128981157737
2017-06-03,-0.7912047119753017
2017-06-04,-0.4316486056343082
2017-06-05,-1.0257109829197777
2017-06-06,0.21800083762754793
2017-06-07,0.49739188671816037
2017-06-08,0.6743092064219871
2017-06-09,-0.7543434563170106
2017-06-10,-1.4273286878490365
2017-06-11,0.5270556646846749
2017-06-12,-0.4798880964783727
2017-06-13,-0.4780323977650776
2017-06-14,-0.10099346540378878
2017-06-15,-0.7312333298746508
2017-06-16,-1.382848028637381
2017-06-17,-0.11025804452940931
2017-06-18,1.027025998688821
2017-06-19,1.0102337813180693
2017-06-20,-0.8849188505060605
2017-06-21,-0.2715404735072387
2017-06-22,-1.1121954491634731
2017-06-23,-0.10202883475259822
2017-06-24,-0.14599060270072445
2017-06-25,0.5500069175994678
2017-06-26,-0.055951550050289296
2017-06-27,0.3479891754907402
2017-06-28,0.8933816831856918
2017-06-29,1.13943001404522
2017-06-30,0.04061103546162837
2017-07-01,-0.034623053751246816
2017-07-02,0.2642863118048943
2017-07-03,1.1902968853136
2017-07-04,0.5922463413158192
2017-07-05,-0.5831966151513447
2017-07-06,-0.8943020298190005
2017-07-07,-0.890888862895629
2017-07-08,-0.6192104475840295
2017-07-09,-0.7611529589457521
2017-07-10,0.7049156630733316
2017-07-11,0.7022468076904441
2017-07-12,0.26748074837898883
2017-07-13,0.3840574665395425
2017-07-14,-0.0027380609427289974
2017-07-15,0.6233152309073133
2017-07-16,1.3624151296414584
2017-07-17,1.2942291804811514
2017-07-18,0.04563299714463647
2017-07-19,-0.9273639610650829
2017-07-20,-0.7479713101226607
2017-07-21,-0.6845247770975926
2017-07-22,0.2883417286175672
2017-07-23,0.2601578333467852
2017-07-24,0.8709305209358686
2017-07-25,1.1541395960684848
2017-07-26,0.24772818945949052
2017-07-27,0.18810678259292093
2017-07-28,0.5570267753492552
2017-07-29,-0.4660262333601558
2017-07-30,-1.1418486639096292
2017-07-31,-0.9725001967590802
2017-08-01,-0.12104383557626541
2017-08-02,-0.6369106165107028
2017-08-03,-0.3953267564900164
2017-08-04,-0.8297400838041766
2017-08-05,-0.49385673700244315
2017-08-06,0.2910486565861891
2017-08-07,0.5527740482186322
2017-08-08,-0.8170606851089353
2017-08-09,-0.3611850259566404
2017-08-10,0.11399235900298518
2017-08-11,1.3123178829732278
2017-08-12,1.2861101943356161
2017-08-13,1.1699795788981973
2017-08-14,0.6558659009338393
2017-08-15,0.4833790935889056
2017-08-16,0.29042239952465615
2017-08-17,0.33289863154539917
2017-08-18,-0.464810243953696
2017-08-19,-0.018729375963767038
2017-08-20,1.032781925229137
2017-08-21,1.3143307652801488
2017-08-22,0.8913213943075041
2017-08-23,-0.6339231696210593
2017-08-24,-1.3772617426749674
2017-08-25,-1.2837380224806758
2017-08-26,-1.2607577116684572
2017-08-27,-0.9917159010872214
2017-08-28,0.3006809967470585
2017-08-29,0.8004404726816468
2017-08-30,-0.2516751272611023
2017-08-31,-0.26096836117480604
2017-09-01,0.7113577515141118
2017-09-02,0.8359976539022218
2017-09-03,1.212324003187998
2017-09-04,-0.8952734700906418
2017-09-05,-0.7430757773401503
2017-09-06,0.15501398557398377
2017-09-07,0.6958691161175727
2017-09-08,-0.1414927263896307
2017-09-09,0.7350431064429205
2017-09-10,0.9211625746780452
2017-09-11,1.1222121998183312
2017-09-12,1.4863161890094714
2017-09-13,0.4366502183100615
2017-09-14,0.7897520097969114
2017-09-15,0.23741837872028163
2017-09-16,0.536727131554043
2017-09-17,0.8648891338869206
2017-09-18,0.29596826614652794
2017-09-19,1.1155304021331687
2017-09-20,0.8699647386979282
2017-09-21,0.40811798603990085
2017-09-22,-1.1466245193961524
2017-09-23,-1.2554819904427053
2017-09-24,-1.0771787005932618
2017-09-25,-0.4546376231192202
2017-09-26,-0.6732022753468565
2017-09-27,-0.2104431450953303
2017-09-28,0.49766348294086726
2017-09-29,0.6008585148938433
2017-09-30,-0.053291297221827
2017-10-01,-1.8496926161608802
2017-10-02,-1.5120993588197116
2017-10-03,-0.7479688044584943
2017-10-04,-1.4437518817035555
2017-10-05,-0.060326978058751465
2017-10-06,1.0921667012624348
2017-10-07,1.3434118087505271
2017-10-08,0.494756843347614
2017-10-09,-0.9238467082301914
2017-10-10,-1.378185993065844
2017-10-11,-1.043715118348357
2017-10-12,-1.4832642006920838
2017-10-13,-0.6296748878523435
2017-10-14,0.3099347743601565
2017-10-15,-0.09328839535169128
2017-10-16,-1.4485937126957198
2017-10-17,-2.307833877317029
2017-10-18,-1.9322495456785453
2017-10-19,-2.002188604565045
2017-10-20,-2.504219996164187
2017-10-21,-1.3682233948653777
2017-10-22,0.8356836886279974
2017-10-23,1.2650699848251357
2017-10-24,1.4118050470582415
2017-10-25,1.1581166140057417
2017-10-26,0.14118150136892485
2017-10-27,0.907110077727073
2017-10-28,0.9081683041862069
2017-10-29,0.9026392481543365
2017-10-30,0.05674937150810847
2017-10-31,-0.0415128510207252
2017-11-01,-0.7327128597849165
2017-11-02,-0.352241499130259
2017-11-03,-0.05829065379311525
2017-11-04,-1.0802001003891664
2017-11-05,0.15774545774280269
2017-11-06,0.4036931315729008
2017-11-07,0.27363952315104245
2017-11-08,0.09089564906828558
2017-11-09,0.08515199044418406
2017-11-10,-1.033648309251511
2017-11-11,-1.494944129862015
2017-11-12,0.3836661400267369
2017-11-13,0.7889169418488626
2017-11-14,0.03251993630622315
2017-11-15,-0.5079655706534222
2017-11-16,0.5138814227755505
2017-11-17,1.1479246673443775
2017-11-18,0.6980458966728916
2017-11-19,-0.11286736291229374
2017-11-20,0.5344122134477187
2017-11-21,-0.35303036302523483
2017-11-22,-1.258980117104249
2017-11-23,-1.7274187723322647
2017-11-24,-1.6869667798094514
2017-11-25,0.6638282460743978
2017-11-26,0.9449924312840814
2017-11-27,1.230175751696405
2017-11-28,0.4130143735269348
2017-11-29,0.801277568726243
2017-11-30,0.7871832258124636
2017-12-01,-1.0335710459917211
2017-12-02,-1.1108759909803698
2017-12-03,-0.12124119143487568
2017-12-04,-0.008361474132627377
2017-12-05,0.15457836640934172
2017-12-06,-0.3290414924924912
2017-12-07,0.06188959843890568
2017-12-08,0.7999816627556902
2017-12-09,0.8875603779929848
2017-12-10,0.4986410671348598
2017-12-11,0.9464622051595537
2017-12-12,0.8913852170580666
2017-12-13,0.694365021285104
2017-12-14,1.0197135035714455
2017-12-15,0.9823050705214181
2017-12-16,0.48232567908354657
2017-12-17,0.630445197198248
2017-12-18,0.6188862962165648
2017-12-19,0.04634493132754254
2017-12-20,0.03330209734224077
2017-12-21,0.8531324789579533
2017-12-22,1.135712557456495
2017-12-23,0.7527860766554981
2017-12-24,-0.2042165223609955
2017-12-25,-0.21334072869062268
2017-12-26,0.14546021066416018
2017-12-27,0.8709611390927312
2017-12-28,0.8638036841601573
2017-12-29,0.3356639183219435
2017-12-30,-0.5280242943924428
2017-12-31,-0.22758517374914553
2018-01-01,0.7306655626116786
2018-01-02,0.812520406997492
2018-01-03,0.7304116366581873
2018-01-04,0.4547972915257967
2018-01-05,0.5009923150597839
2018-01-06,-0.07907368138888209
2018-01-07,-0.19702449164528654
2018-01-08,0.40256882378686576
2018-01-09,0.09796451489658987
2018-01-10,-0.2846214179208231
2018-01-11,-0.930280494637698
2018-01-12,-0.30039949832013335
2018-01-13,0.43422763570665385
2018-01-14,-1.5899707809234513
2018-01-15,-1.1812102544652714
2018-01-16,0.8835746625069246
2018-01-17,0.9444831627925379
2018-01-18,0.5941951079572689
2018-01-19,0.8821033191572403
2018-01-20,-0.04177134996777588
2018-01-21,0.8485752426213443
2018-01-22,0.14443663794895908
2018-01-23,-0.09897478738781214
2018-01-24,-0.10025640677383013
2018-01-25,-1.7804658297624947
2018-01-26,-1.2022843854087377
2018-01-27,-2.594591932483681
2018-01-28,-1.4999558627726672
2018-01-29,-0.9356123095630112
2018-01-30,-0.5056854013561988
2018-01-31,-0.3360918263181867
2018-02-01,0.5421652127074668
2018-02-02,0.8246655764779321
2018-02-03,0.8963580112360248
2018-02-04,-0.06869682449659353
2018-02-05,-1.4607896600517989
2018-02-06,0.026060938648107553
2018-02-07,0.30710008745387046
2018-02-08,0.1593200096727394
2018-02-09,-0.8966667245799598
2018-02-10,0.8361359395898554
2018-02-11,0.35379607476988256
2018-02-12,0.07179257168115954
2018-02-13,0.0387842520049936
2018-02-14,-0.2877885453597995
2018-02-15,0.8976689321964292
2018-02-16,-0.3324607196114684
2018-02-17,-1.7458465660460902
2018-02-18,-0.49875934993185556
2018-02-19,-0.9741555389782525
2018-02-20,-1.5078994064617919
2018-02-21,-0.2181459016746194
2018-02-22,-0.4854680148761811
2018-02-23,0.5349771008396202
2018-02-24,-0.10788262532669887
2018-02-25,0.4514115459582893
2018-02-26,0.388494439131776
2018-02-27,-0.3855348616294198
2018-02-28,-0.5467335879113477
2018-03-01,-0.11568973800566607
2018-03-02,0.5667566331634754
2018-03-03,0.7540114542998967
2018-03-04,-0.15166652707848302
2018-03-05,0.12104552174000213
2018-03-06,0.7249187580825206
2018-03-07,0.6027802335514356
2018-03-08,0.44457434005020346
2018-03-09,-1.1343837002604027
2018-03-10,-0.11114550683789332
2018-03-11,0.20097000305754587
2018-03-12,0.7934947706764147
2018-03-13,0.8079907381045416
2018-03-14,0.05643894406161861
2018-03-15,0.16564913602089174
2018-03-16,0.39226744886612075
2018-03-17,0.5109074794873849
2018-03-18,0.372561026870713
2018-03-19,0.6751412547128656
2018-03-20,0.2255731321215308
2018-03-21,0.6322555811870777
2018-03-22,0.99720853766703
2018-03-23,0.6566723012945838
2018-03-24,-0.4475030123546691
2018-03-25,-0.22699273364452457
2018-03-26,0.24141507973792453
2018-03-27,-1.196426138253065
2018-03-28,-0.11615978387872898
2018-03-29,0.6813520347126537
2018-03-30,0.4781250753904824
2018-03-31,0.7543769055760969
2018-04-01,0.03371545269594955
2018-04-02,-0.08092313820455294
2018-04-03,-0.24961698618642014
2018-04-04,-0.17389089073359104
2018-04-05,0.003068542524595321
2018-04-06,0.7525117414246321
2018-04-07,-0.23745679929655214
2018-04-08,-0.3687667024745853
2018-04-09,0.43580317194713286
2018-04-10,0.10977376095401639
2018-04-11,-0.9097009244945133
2018-04-12,0.037194269399237485
2018-04-13,-0.4589893414574628
2018-04-14,-0.06499607333621293
2018-04-15,0.02146167075561988
2018-04-16,-0.6356058706685782
2018-04-17,-0.20283277832514632
2018-04-18,0.5495000524884094
2018-04-19,0.3517954336036551
2018-04-20,0.6013948540962095
2018-04-21,-0.4140410779070001
2018-04-22,-1.9010629286135696
2018-04-23,-0.7690640707605364
2018-04-24,-0.3398339127019176
2018-04-25,-0.9539045136450902
2018-04-26,-1.0236860853784793
2018-04-27,-1.0471816899644153
2018-04-28,-0.7707494778881422
2018-04-29,-0.8180465341054204
2018-04-30,0.18498953971191812
2018-05-01,-0.7313004783380023
2018-05-02,0.5343475755592281
2018-05-03,0.9973065178798918
2018-05-04,-0.4108608371129875
2018-05-05,-0.34099557154990057
2018-05-06,0.17665452622534195
2018-05-07,0.07746593876985497
2018-05-08,-0.2512860945434185
2018-05-09,-1.1288835737389016
2018-05-10,-0.6720061660734474
2018-05-11,-0.20789298161198266
2018-05-12,-0.7456922201060463
2018-05-13,0.30469538884035796
2018-05-14,0.9330207834859103
2018-05-15,0.5632732684123384
2018-05-16,0.08391375003893525
2018-05-17,-1.0267309400733369
2018-05-18,-0.6286217990129567
2018-05-19,-0.23760230472616392
2018-05-20,-0.4004306147443984
2018-05-21,-1.2006293267563524
2018-05-22,-0.588094691956925
2018-05-23,-0.27710507555965447
2018-05-24,-0.005992290109277487
2018-05-25,-0.4320495194573714
2018-05-26,-0.48942213180825744
2018-05-27,-1.346125629753824
2018-05-28,-2.106622339626586
2018-05-29,-1.404358648969241
2018-05-30,-1.4301819276569923
2018-05-31,-0.8662459945814062
2018-06-01,-0.22241476423955894
2018-06-02,-0.832900864278329
2018-06-03,-1.0822690570576492
2018-06-04,-0.6857340047536072
2018-06-05,0.8121602138193077
2018-06-06,-0.13949398608300426
2018-06-07,-0.004081725221898053
2018-06-08,0.5331110403900827
2018-06-09,1.0382685908111269
2018-06-10,0.31861866506328573
2018-06-11,-0.9731847931491083
2018-06-12,0.43216873885443596
2018-06-13,1.0376544402002765
2018-06-14,0.21619039503084536
2018-06-15,1.1683757112433528
2018-06-16,1.1160225812560258
2018-06-17,0.5999352620837409
2018-06-18,0.8632964202327382
2018-06-19,1.1423536473480176
2018-06-20,0.22963656926752443
2018-06-21,-0.6561852649977817
2018-06-22,0.893674277398971
2018-06-23,1.0382293611334061
2018-06-24,0.6563208240319355
2018-06-25,0.39008260878456735
2018-06-26,1.4362062603149857
2018-06-27,1.6029775503997585
2018-06-28,1.2699533300061305
2018-06-29,0.21945088116760972
2018-06-30,0.6548558651643739
2018-07-01,-0.08375121119146085
2018-07-02,0.4361422895446828
2018-07-03,0.2210896016787179
2018-07-04,-0.23941538072345292
2018-07-05,-0.16387848065544094
2018-07-06,0.9148043318958202
2018-07-07,1.1310046461281031
2018-07-08,1.171151785765168
2018-07-09,1.1927911805317324
2018-07-10,-0.08708963406472034
2018-07-11,0.8638558676376514
2018-07-12,0.8377210563153491
2018-07-13,-0.36294275484538974
2018-07-14,-0.7036810598513548
2018-07-15,-0.7297913440965713
2018-07-16,0.8733318807105755
2018-07-17,0.5359260787292013
2018-07-18,0.7355157599855691
2018-07-19,0.10529576672340428
2018-07-20,-0.22054122262179285
2018-07-21,0.3764745712397278
2018-07-22,0.8941285808925774
2018-07-23,1.1150065269047336
2018-07-24,1.485107181700111
2018-07-25,1.1379342153640701
2018-07-26,0.8500720938966222
2018-07-27,-0.32354899884672733
2018-07-28,0.2175141360505519
2018-07-29,0.5896585592777155
2018-07-30,0.6741585773357653
2018-07-31,0.9016840480729216
2018-08-01,0.6551661771439798
2018-08-02,0.4718581884095952
2018-08-03,0.17498031339008308
2018-08-04,-0.6169727590289393
2018-08-05,-0.8537566106960174
2018-08-06,-1.5707123935768974
2018-08-07,-1.2450320511546862
2018-08-08,-0.7653529169296056
2018-08-09,-1.1904211924955181
2018-08-10,-0.6472859917486932
2018-08-11,-0.43029635306056724
2018-08-12,-0.7726422367713638
2018-08-13,0.434147835169679
2018-08-14,0.5616429143001536
2018-08-15,0.10626108983536067
2018-08-16,0.19954485580983966
2018-08-17,-1.1506622207638768
2018-08-18,-0.7240411456792551
2018-08-19,0.046405178036601706
2018-08-20,0.2700600208204463
2018-08-21,-0.09982504147993841
2018-08-22,-0.6561594238138209
2018-08-23,-0.7347089406494206
2018-08-24,-0.9374638109069724
2018-08-25,0.49555810676543655
2018-08-26,1.415409014506018
2018-08-27,1.4484465213126971
2018-08-28,1.2164564985949349
2018-08-29,-0.09268060300677265
2018-08-30,-0.9331940690982742
2018-08-31,0.3222051182603017
2018-09-01,0.8840420976523816
2018-09-02,0.46559364370297224
2018-09-03,0.28635429433123927
2018-09-04,0.01028736614411063
2018-09-05,-0.19461724838094058
2018-09-06,-1.0032201402121923
2018-09-07,0.2793960643126598
2018-09-08,-0.01594293624224492
2018-09-09,-0.3657038980182695
2018-09-10,-0.3658043207605797
2018-09-11,0.7092627847828316
2018-09-12,0.14793249133039144
2018-09-13,-0.7815335518317863
2018-09-14,-1.176975213725022
2018-09-15,-1.3885632691152074
2018-09-16,-0.9514329181200146
2018-09-17,-1.4242049123984053
2018-09-18,-1.507732009643048
2018-09-19,-1.4824607428600378
2018-09-20,-1.124854048347611
2018-09-21,-0.9954698986942037
2018-09-22,-1.4954887931494607
2018-09-23,0.06111501888992361
2018-09-24,1.2764184252949862
2018-09-25,1.4576992731146996
2018-09-26,1.5393812650726562
2018-09-27,1.2506376675852156
2018-09-28,0.6904712946067223
2018-09-29,0.8429766542613639
2018-09-30,0.712435857259457
2018-10-01,0.6194224820669464
2018-10-02,0.0496484063755719
2018-10-03,1.0897804340927435
2018-10-04,0.5368379957243479
2018-10-05,0.40642026684958016
2018-10-06,0.25413866480735225
2018-10-07,0.0029089577727244484
2018-10-08,-0.4304351946133522
2018-10-09,-0.631913801012501
2018-10-10,-1.1703205664594614
2018-10-11,-1.7617945190239646
2018-10-12,-0.4589840143661744
2018-10-13,0.08126683073146326
2018-10-14,-0.3904493206034937
2018-10-15,0.3015208057593378
2018-10-16,-0.1819818957126357
2018-10-17,-1.0082261193181048
2018-10-18,-0.4543405035421665
2018-10-19,-0.4922317841217961
2018-10-20,0.3721134550104027
2018-10-21,0.33372423631703624
2018-10-22,0.27174082216858136
2018-10-23,1.2136499739503215
2018-10-24,0.5191660466519031
2018-10-25,0.3701195358312287
2018-10-26,0.9209071114192152
2018-10-27,0.8966760555390622
2018-10-28,1.1877553591674355
2018-10-29,1.2676801203702734
2018-10-30,0.6609153037812932
2018-10-31,-0.6384378006368633
2018-11-01,-0.008423167227912738
2018-11-02,-0.28727756010055516
2018-11-03,-0.27616934101451596
2018-11-04,0.29225375958807753
2018-11-05,-0.47673331545942205
2018-11-06,-1.102216614794592
2018-11-07,0.11714179896113601
2018-11-08,-0.16300202842341607
2018-11-09,-1.899528935334177
2018-11-10,-1.7333406523010777
2018-11-11,-2.1178571481420376
2018-11-12,-2.972162786872001
2018-11-13,-1.6933163019726156
2018-11-14,0.2710937131899656
2018-11-15,0.25061928534011685
2018-11-16,0.14887004685313796
2018-11-17,-0.031477613647861065
2018-11-18,0.5512357072771102
2018-11-19,-0.0914367161466446
2018-11-20,0.4510484428639322
2018-11-21,0.22130268968554925
2018-11-22,-0.48152811274139357
2018-11-23,-1.5548343336200163
2018-11-24,-0.0707573074552747
2018-11-25,0.5914687942629901
2018-11-26,0.6360824765366
2018-11-27,0.9410112329056
2018-11-28,1.18118018550569
2018-11-29,0.7206578321785713
2018-11-30,-1.6436545419882147
2018-12-01,-1.3391382897819926
2018-12-02,-1.247064571287805
2018-12-03,0.3705716759332755
2018-12-04,0.381914573152133
2018-12-05,0.35002007712482996
2018-12-06,-0.9366798230517414
2018-12-07,-0.31605545737340013
2018-12-08,0.9305529452840813
2018-12-09,0.7968503284179183
2018-12-10,0.43312504492444354
2018-12-11,-0.4441479539436345
2018-12-12,-2.239288330143212
2018-12-13,-0.8797639786587987
2018-12-14,-0.4880521773947833
2018-12-15,0.6733230814267628
2018-12-16,0.026809716027322433
2018-12-17,0.018905545955508352
2018-12-18,0.9733844754978594
2018-12-19,-0.3485038262838995
2018-12-20,-0.25762887071729723
2018-12-21,-0.40542099336087123
2018-12-22,0.8428520171161846
2018-12-23,0.39072015045854336
2018-12-24,0.7104929238397569
2018-12-25,0.6891867187795064
2018-12-26,0.143816401314349
2018-12-27,-0.23588035968346097
2018-12-28,-1.2157636583262792
2018-12-29,-0.5483109344123412
2018-12-30,-0.7096333313203446
2018-12-31,0.7378056769144625
2019-01-01,0.5612874132136721
2019-01-02,0.3440792149011444
2019-01-03,1.0017206262998155
2019-01-04,0.7994577196534295
2019-01-05,0.4854007705294289
2019-01-06,0.308117258475641
2019-01-07,0.4686878307183588
2019-01-08,0.24909009247845149
2019-01-09,0.29632867716265393
2019-01-10,0.6460097973285288
2019-01-11,-0.042605357857171115
2019-01-12,0.6965541485676814
2019-01-13,-0.0052243429071765265
2019-01-14,0.5279021172732641
2019-01-15,0.39573417279855544
2019-01-16,0.19566911671545084
2019-01-17,-0.03064649265135621
2019-01-18,0.11541008844468405
2019-01-19,-0.9493039049508387
2019-01-20,-1.634900237716894
2019-01-21,-1.2087045333233422
2019-01-22,-0.07526867130448195
2019-01-23,-0.29735601976508863
2019-01-24,-0.10396612691495437
2019-01-25,0.7819817084326005
2019-01-26,0.7098970149891443
2019-01-27,0.2990748187332091
2019-01-28,0.5488694666843466
2019-01-29,-1.1704316277081908
2019-01-30,-0.3745021323039027
2019-01-31,0.5245435093543114
2019-02-01,0.5662214132160737
2019-02-02,0.7003851094167272
2019-02-03,0.2455233056767479
2019-02-04,0.32086329830709476
2019-02-05,0.9199816194231086
2019-02-06,0.8742643498799308
2019-02-07,-0.06667068733587746
2019-02-08,-0.6147438907729672
2019-02-09,-0.4232100762005588
2019-02-10,0.346809738021087
2019-02-11,0.6744339601563017
2019-02-12,0.7852283405952464
2019-02-13,0.8742421192868552
2019-02-14,0.7870049689852152
2019-02-15,0.5679017814075995
2019-02-16,-0.19654554698274337
2019-02-17,-1.1595432413231523
2019-02-18,-1.4036751652312294
2019-02-19,-1.2337436929752688
2019-02-20,-1.7164389220785088
2019-02-21,-0.9472782150091692
2019-02-22,0.19406815794624796
2019-02-23,0.9052390221706573
2019-02-24,0.625339397011603
2019-02-25,0.5889828081588502
2019-02-26,0.6797081946085944
2019-02-27,0.6656469298154124
2019-02-28,-0.10043160165838541
2019-03-01,0.4382827468321155
2019-03-02,0.2569869583151462
2019-03-03,-1.6163380165005368
2019-03-04,0.6223582431505293
2019-03-05,0.6159832588568839
2019-03-06,-0.23830635237828693
2019-03-07,0.3716022512162206
2019-03-08,-0.2033666320538138
2019-03-09,0.22933800945315122
2019-03-10,0.5030756386075055
2019-03-11,0.7146150573782392
2019-03-12,0.8401339889066333
2019-03-13,0.21032158772053827
2019-03-14,0.3692040825374343
2019-03-15,-0.05087662136024735
2019-03-16,0.5487036713973763
2019-03-17,-0.15406649695345692
2019-03-18,0.116785222641394
2019-03-19,-0.7062195302685904
2019-03-20,0.5766458145909
2019-03-21,0.6891173495593117
2019-03-22,0.37258453402990577
2019-03-23,0.1976092391256492
2019-03-24,-0.46887126904752474
2019-03-25,0.46431338781057757
2019-03-26,0.5640035492717489
2019-03-27,0.38956108776729587
2019-03-28,0.8663110234966712
2019-03-29,0.6050918570527744
2019-03-30,0.33586681418336967
2019-03-31,-0.9945860697212544
2019-04-01,-1.5984898083415984
2019-04-02,-0.8246907269442169
2019-04-03,-0.02889674985937798
2019-04-04,0.41415448371429114
2019-04-05,0.2628342882401054
2019-04-06,-1.630190231614036
2019-04-07,-0.42622513155179326
2019-04-08,0.06221352740065668
2019-04-09,0.33896900866292273
2019-04-10,0.47462127539971444
2019-04-11,-0.4718923704380018
2019-04-12,-1.401438631298569
2019-04-13,-0.5536382671968231
2019-04-14,-0.8497888273215267
2019-04-15,0.16637408899859954
2019-04-16,-0.6324933963700005
2019-04-17,-0.7617450780316567
2019-04-18,-0.13343698045373667
2019-04-19,-0.6892154218671531
2019-04-20,-0.39515279069507203
2019-04-21,-0.031863266300729366
2019-04-22,0.645239008285403
2019-04-23,0.40480052973228403
2019-04-24,-0.17275216769137056
2019-04-25,-0.9245716195545852
2019-04-26,0.01482225596086227
2019-04-27,0.21944405403734313
2019-04-28,0.662429615488276
2019-04-29,0.22976583280264945
2019-04-30,-0.1832244707577458
2019-05-01,-0.5923946484951403
2019-05-02,-0.3210138872579695
2019-05-03,0.470126123704988
2019-05-04,-0.4502969538520977
2019-05-05,0.6353815432438745
2019-05-06,0.8916719895144983
2019-05-07,0.6339678080831647
2019-05-08,-0.06513100142502752
2019-05-09,0.7411705901139792
2019-05-10,-0.48286592735484535
2019-05-11,-0.35247306787652655
2019-05-12,-0.03192005508865347
2019-05-13,-0.7931745225673675
2019-05-14,0.6807481482013064
2019-05-15,-0.3949175946109967
2019-05-16,-0.35578235750975273
2019-05-17,-1.0254384670626056
2019-05-18,0.04405650081286458
2019-05-19,0.2738653379000361
2019-05-20,0.7976639141788494
2019-05-21,0.9977282718726844
2019-05-22,0.5425485985676824
2019-05-23,-0.00938975111633898
2019-05-24,-0.018910966265909202
2019-05-25,-0.9577297844364809
2019-05-26,0.3630446637393628
2019-05-27,0.4233729209445924
2019-05-28,0.6853559778325173
2019-05-29,0.9350181629946589
2019-05-30,-0.14785431793800582
2019-05-31,0.7253202622262982
2019-06-01,0.7175213942472423
2019-06-02,-0.5206965152946402
2019-06-03,0.3950718705205504
2019-06-04,-0.34510732102046904
2019-06-05,-0.6469147792884505
2019-06-06,0.3393351803278054
2019-06-07,-0.09325694744301763
2019-06-08,0.41390410251204396
2019-06-09,-0.5156808569890096
2019-06-10,-1.13580486185882
2019-06-11,-0.39112160150081027
2019-06-12,-0.18451779128294465
2019-06-13,-0.1892882726287445
2019-06-14,-0.899014033622417
2019-06-15,0.17180096703749653
2019-06-16,0.21421938298406035
2019-06-17,-0.4362978841193497
2019-06-18,-0.5819442475581307
2019-06-19,-1.2027160119979863
2019-06-20,-0.4733437775133588
2019-06-21,-0.8783304573048254
2019-06-22,0.022564398381061262
2019-06-23,0.397226951412687
2019-06-24,0.8027392823855061
2019-06-25,1.119185591728305
2019-06-26,0.9080114146155374
2019-06-27,0.9143557430192948
2019-06-28,0.30713571381790666
2019-06-29,1.0276586523647537
2019-06-30,0.08715650456410322
2019-07-01,-1.4225832172784032
2019-07-02,-1.0489107217728084
2019-07-03,-1.0430278398199517
2019-07-04,-0.20844547811615288
2019-07-05,-0.7711286549829679
2019-07-06,-0.05085914978522949
2019-07-07,1.1452897906190684
2019-07-08,0.709604428206601
2019-07-09,0.9263995307428629
2019-07-10,0.871564376187635
2019-07-11,0.8765332052884703
2019-07-12,-0.45333181347019036
2019-07-13,0.7606689665755426
2019-07-14,1.015696884675035
2019-07-15,-0.42199349549507686
2019-07-16,0.9769951630887801
2019-07-17,0.8131154291936556
2019-07-18,-0.799764073812252
2019-07-19,-1.0603831754248314
2019-07-20,-1.6394905616916526
2019-07-21,-1.201877285181699
2019-07-22,0.21971043705952029
2019-07-23,1.067289987032074
2019-07-24,0.5672828970623583
2019-07-25,-0.43636450841673585
2019-07-26,-0.5895709155730245
2019-07-27,0.84934508683911
2019-07-28,1.5390273845690632
2019-07-29,1.2503240262995277
2019-07-30,0.5589497183360607
2019-07-31,0.021745137133243404
2019-08-01,-0.015503642446995957
2019-08-02,0.34538761604916846
2019-08-03,0.8307859354174473
2019-08-04,0.4918858081537943
2019-08-05,-0.14383368150238596
2019-08-06,-0.3177625921985912
2019-08-07,0.1942853623466302
2019-08-08,0.196500665858223
2019-08-09,0.33406939697471294
2019-08-10,-0.7434392019359513
2019-08-11,-0.36018071284054326
2019-08-12,-0.9611791355631729
2019-08-13,-0.45091465725710406
2019-08-14,1.1407399569779542
2019-08-15,1.0782625371953947
2019-08-16,0.08261180306642646
2019-08-17,0.08274990168285176
2019-08-18,0.08274580041204208
2019-08-19,-1.4161221890588154
2019-08-20,-1.228763132677129
2019-08-21,-1.1414450773462947
2019-08-22,-0.30850741022981937
2019-08-23,0.37853637419390335
2019-08-24,-0.08603035599284047
2019-08-25,-0.41103940102077763
2019-08-26,-0.7691363537933904
2019-08-27,-0.8935188649081057
2019-08-28,-1.112387354385513
2019-08-29,-0.6715577762994712
2019-08-30,-0.50175859776504
2019-08-31,-0.5208896754915772
2019-09-01,-1.4499477034256718
2019-09-02,-1.397088303260605
2019-09-03,0.5989308090275158
2019-09-04,1.1134525001008897
2019-09-05,-0.30097624816555457
2019-09-06,-0.4575129456375358
2019-09-07,-0.16290755649930222
2019-09-08,0.6987017197231892
2019-09-09,0.8885803893875718
2019-09-10,-0.33870832890085845
2019-09-11,0.23170394918307902
2019-09-12,1.0541498495263897
2019-09-13,1.2650881680335488
2019-09-14,0.9419441885719334
2019-09-15,0.243205346455511
2019-09-16,-1.400032753669692
2019-09-17,-0.007747127173389006
2019-09-18,-0.11883178780241069
2019-09-19,-0.027150865500944334
2019-09-20,1.1586846721924664
2019-09-21,-0.008796189695305798
2019-09-22,-0.3615852264745817
2019-09-23,1.086781610553621
2019-09-24,0.6573202917784019
2019-09-25,0.7159563400224983
2019-09-26,0.541116809425146
2019-09-27,-0.7958854988580041
2019-09-28,0.41517018683906026
2019-09-29,0.34571154825454603
2019-09-30,0.9330541032902014
2019-10-01,-0.3994188491281719
2019-10-02,1.0439576732551212
2019-10-03,0.9043577861150948
2019-10-04,1.2795399639406684
2019-10-05,0.47528154868906114
2019-10-06,-0.9361531922409843
2019-10-07,0.3068645768848467
2019-10-08,0.9713924821798907
2019-10-09,0.059520635266785436
2019-10-10,0.27926966165669537
2019-10-11,-0.009895190916824758
2019-10-12,-1.4041334596903987
2019-10-13,-1.797736794699454
2019-10-14,-2.0839609607632488
2019-10-15,-0.21123089251642277
2019-10-16,0.48735678905126006
2019-10-17,-0.9268397546167094
2019-10-18,-1.6136771925661877
2019-10-19,-0.8914480109589494
2019-10-20,-0.461234840731803
2019-10-21,-2.149325254332209
2019-10-22,-1.5076739427618537
2019-10-23,-1.1578154495586384
2019-10-24,-0.27164086743022714
2019-10-25,-0.5744249405164799
2019-10-26,0.005664730080554797
2019-10-27,-1.3691028795889575
2019-10-28,-1.4420593903726906
2019-10-29,-0.52183065607446
2019-10-30,-0.8178715940469519
2019-10-31,-0.7925231508230698
2019-11-01,-1.4402396227803542
2019-11-02,0.541637562938741
2019-11-03,1.1920687541500148
2019-11-04,1.1306325198215201
2019-11-05,1.1780258191528323
2019-11-06,0.7760211990075778
2019-11-07,-0.5409744001565927
2019-11-08,0.7046378646420413
2019-11-09,0.49448925827019535
2019-11-10,0.13109208231299904
2019-11-11,0.26500679753280426
2019-11-12,1.0392848415104268
2019-11-13,1.0053930042154504
2019-11-14,-0.6425433752269021
2019-11-15,0.8495310610166074
2019-11-16,0.8734474280045066
2019-11-17,1.0505851099400116
2019-11-18,0.41703862355837984
2019-11-19,-0.43958615324170924
2019-11-20,0.6228954878482602
2019-11-21,-0.06368515789634485
2019-11-22,-0.5838531196651724
2019-11-23,-0.5901458125694731
2019-11-24,0.9141733009886331
2019-11-25,-0.3952853717764016
2019-11-26,0.10928903821252885
2019-11-27,0.7665700417839006
2019-11-28,1.0661219204617984
2019-11-29,1.0599744769731116
2019-11-30,0.13517346296242544
2019-12-01,-0.39821817359505
2019-12-02,0.28854417454395315
2019-12-03,0.5314277745031695
2019-12-04,0.48688652294805335
2019-12-05,-0.7348263055761294
2019-12-06,-1.0289779057589852
2019-12-07,0.49557632911655813
2019-12-08,-0.593416765752201
2019-12-09,0.600628530193509
2019-12-10,0.8899360709475306
2019-12-11,1.1033215809821955
2019-12-12,0.0012326452777632517
2019-12-13,1.0080714546811016
2019-12-14,0.9239067360678481
2019-12-15,0.5198303733513856
2019-12-16,-0.16160863260180236
2019-12-17,0.12049656535189843
2019-12-18,0.16517498924112767
2019-12-19,0.546510635296641
2019-12-20,0.5824934356060445
2019-12-21,1.0851461974989152
2019-12-22,1.0802975598156679
2019-12-23,0.6097082822529512
2019-12-24,0.5534440962135873
2019-12-25,-0.07826006599113415
2019-12-26,0.46201834509775047
2019-12-27,-0.9371834660564439
2019-12-28,0.9853036003035374
2019-12-29,1.061928385854338
2019-12-30,0.8472977489223166
2019-12-31,0.28686203906997954
2020-01-01,0.28264209015963365
2020-01-02,0.444797594478467
2020-01-03,-0.4325784228530249
2020-01-04,0.005959299395759598
2020-01-05,1.0657138703658477
2020-01-06,0.983872949711941
2020-01-07,0.4144013174668017
2020-01-08,0.29371719664451
2020-01-09,-0.9312475864937064
2020-01-10,-0.83641055607539
2020-01-11,-0.10542635066882197
2020-01-12,0.05100598155341718
2020-01-13,-1.3925962651628547
2020-01-14,-1.932064511537473
2020-01-15,-1.6986383115564858
2020-01-16,0.07479668305637147
2020-01-17,-0.34252382209346494
2020-01-18,0.16439046558299575
2020-01-19,0.16060687167447546
2020-01-20,0.166924782494259
2020-01-21,-0.4590699375820671
2020-01-22,-1.3365114671078433
2020-01-23,-0.7187058909241514
2020-01-24,-0.8642740471123979
2020-01-25,-0.40028675818416637
2020-01-26,-0.9349853340778098
2020-01-27,-0.05543588411794089
2020-01-28,0.9652675510275759
2020-01-29,0.8395269991470261
2020-01-30,-0.14884352901808603
2020-01-31,0.3980551276468027
2020-02-01,-0.2147123304156115
2020-02-02,0.3529468060767067
2020-02-03,0.5548835384177949
2020-02-04,0.9698899952536807
2020-02-05,1.1651584300496012
2020-02-06,1.0313946620907313
2020-02-07,0.3775039521423627
2020-02-08,-1.4930157066114411
2020-02-09,-0.3342577684403065
2020-02-10,0.9712908066215283
2020-02-11,1.0129805649123775
2020-02-12,0.1831481321139436
2020-02-13,-0.02847451073588995
2020-02-14,0.909215181861227
2020-02-15,0.5970943935094636
2020-02-16,-1.6790607238811441
2020-02-17,-0.5768077108451511
2020-02-18,-0.005134233218892962
2020-02-19,0.11580396026786219
2020-02-20,0.828661898859692
2020-02-21,-0.18192455316817524
2020-02-22,0.38544059971756106
2020-02-23,0.30271077123794055
2020-02-24,0.21737353611817545
2020-02-25,0.7686291127621148
2020-02-26,0.9971651869772452
2020-02-27,0.7122675974992213
2020-02-28,0.7135406393195666
2020-02-29,-0.12124786783055662
2020-03-01,0.713962874274623
2020-03-02,0.8837750584347535
2020-03-03,0.8996744354647607
2020-03-04,-0.16021627412600517
2020-03-05,0.06667428729062223
2020-03-06,0.7887505221117888
2020-03-07,-0.2730635072082711
2020-03-08,0.5236397703961452
2020-03-09,-0.4033461003736051
2020-03-10,0.2992201659241396
2020-03-11,-0.895421695058971
2020-03-12,0.23968069912616785
2020-03-13,-0.16546440336992282
2020-03-14,-1.0755435096402892
2020-03-15,0.6294581996569961
2020-03-16,-0.206129626553078
2020-03-17,-2.027463070701408
2020-03-18,-0.20436253142379035
2020-03-19,-1.280652147208095
2020-03-20,-2.1601315277649102
2020-03-21,-1.6051641731763098
2020-03-22,0.062457749704397325
2020-03-23,1.0660761844397022
2020-03-24,0.43110564261442424
2020-03-25,0.0027662615568523623
2020-03-26,0.8272965939047466
2020-03-27,-0.03096013124277807
2020-03-28,-1.6061059776534585
2020-03-29,-1.6021993746091625
2020-03-30,-1.7842794524606167
2020-03-31,0.31140250811737225
2020-04-01,0.7946397250422403
2020-04-02,-0.636013900198204
2020-04-03,-0.7848993116242008
2020-04-04,0.7799365365104843
2020-04-05,0.5431072268066931
2020-04-06,-0.45482111214156146
2020-04-07,-0.39404316545325
2020-04-08,-0.7066195334343682
2020-04-09,-1.071670885851876
2020-04-10,-0.32018838614969913
2020-04-11,-0.7489783022939488
2020-04-12,-1.7816831900335386
2020-04-13,-0.22638769338844494
2020-04-14,-0.22185668219949586
2020-04-15,0.5569689544439343
2020-04-16,-0.8943204106797749
2020-04-17,-1.260177342204502
2020-04-18,-1.5096797507683324
2020-04-19,-0.9773767704612697
2020-04-20,-0.922623842292614
2020-04-21,-0.3254476231453519
2020-04-22,-0.25426063704881413
2020-04-23,-0.2382415823305099
2020-04-24,-1.2201852148293673
2020-04-25,0.3131558462134219
2020-04-26,-0.6506534325242989
2020-04-27,-0.5348947927307491
2020-04-28,0.6547162552534392
2020-04-29,1.0286931348883301
2020-04-30,0.6803947897679644
2020-05-01,0.6436358064546143
2020-05-02,0.6242644082410385
2020-05-03,0.33495596520757026
2020-05-04,0.33976108507108393
2020-05-05,0.34458765335667707
2020-05-06,0.34941100634590866
2020-05-07,0.78554796216789
2020-05-08,-0.7574555758138927
2020-05-09,-0.7319389362682261
2020-05-10,-0.42810533111584725
2020-05-11,-0.4234114915229639
2020-05-12,-0.4187161056004309
2020-05-13,-0.4140136731008522
2020-05-14,-0.4092907663836928
2020-05-15,0.7295232903286359
2020-05-16,-0.3533344470907769
2020-05-17,-0.5636541725066583
2020-05-18,0.03686938923426089
2020-05-19,-0.48315446729844136
2020-05-20,0.11570261985066764
2020-05-21,1.123865575047674
2020-05-22,0.6992786084079203
2020-05-23,-0.04241436597525023
2020-05-24,0.1021915090275509
2020-05-25,0.5633566955545924
2020-05-26,0.8768043252917391
2020-05-27,0.9719611584226764
2020-05-28,0.9766953875840058
2020-05-29,-0.09796327615930454
2020-05-30,-1.26398251737233
2020-05-31,-0.8104496437779821
2020-06-01,0.4634385299093783
2020-06-02,0.3209946079159504
2020-06-03,0.013635881983869292
2020-06-04,0.9764286464620384
2020-06-05,0.9457746730490639
2020-06-06,0.3878548778388194
2020-06-07,0.6252203700896525
2020-06-08,0.5111212212486292
2020-06-09,0.42220431349020265
2020-06-10,0.9293514144652686
2020-06-11,0.7662336910278165
2020-06-12,-0.48228553606213015
2020-06-13,0.3000180530738413
2020-06-14,0.8081246226662482
2020-06-15,0.8122548711677008
2020-06-16,0.8163402455974235
2020-06-17,0.8203786206552506
2020-06-18,1.0232387765043771
2020-06-19,0.01663806378487729
2020-06-20,0.3398596770528689
2020-06-21,0.7832057042226
2020-06-22,1.3228482262550552
2020-06-23,1.2603043255745117
2020-06-24,0.26889903776205254
2020-06-25,-1.593048676174157
2020-06-26,-1.6559610296657197
2020-06-27,-1.3803422238060539
2020-06-28,-1.7327009766260837
2020-06-29,0.1778640466546345
2020-06-30,0.21636550756142867
2020-07-01,-0.13035256328245495
2020-07-02,-0.5545583211535022
2020-07-03,-0.24790574066381946
2020-07-04,0.39355878507558145
2020-07-05,1.1944320434211413
2020-07-06,0.7766289323077279
2020-07-07,0.9577751565502142
2020-07-08,0.39949367274758535
2020-07-09,-1.1534889817247196
2020-07-10,-1.728715545935678
2020-07-11,-0.3960005981871038
2020-07-12,1.060762343445365
2020-07-13,1.1157680142910953
2020-07-14,-0.09634383806534395
2020-07-15,-0.496719311951204
2020-07-16,-0.33362390525955127
2020-07-17,-0.26925312180045957
2020-07-18,0.4257661076993049
2020-07-19,-0.03636065325130962
2020-07-20,-0.6409414614293741
2020-07-21,-0.1927123116766962
2020-07-22,-0.3073393736770729
2020-07-23,-0.5141726257620923
2020-07-24,0.4691541871152812
2020-07-25,0.5213556957533338
2020-07-26,0.28838753115765325
2020-07-27,-0.19131606588844313
2020-07-28,-0.7327907095448624
2020-07-29,-1.320866913614048
2020-07-30,-1.3571799574138226
2020-07-31,-0.6420917464462798
2020-08-01,0.4837696689776188
2020-08-02,-0.07239756283992163
2020-08-03,0.7164363162558748
2020-08-04,1.0953454792931374
2020-08-05,0.36784409344625907
2020-08-06,0.3689152298417096
2020-08-07,1.0677699542176038
2020-08-08,0.9272733299403559
2020-08-09,0.8585904497879672
2020-08-10,-0.052517176593779046
2020-08-11,-1.4368681741248603
2020-08-12,-1.2027088278469908
2020-08-13,-0.894180778237928
2020-08-14,0.48117494985361897
2020-08-15,0.36947767892002925
2020-08-16,-0.8752233837595674
2020-08-17,-0.06480391481264627
2020-08-18,0.7119836047135779
2020-08-19,-0.030162721898917583
2020-08-20,-0.6306650829382437
2020-08-21,-0.9610084939589325
2020-08-22,-0.6420537488211999
2020-08-23,-0.24568079602697243
2020-08-24,-0.19147725433420662
2020-08-25,0.6007433916879056
2020-08-26,-0.038691206989185656
2020-08-27,0.21958557886362526
2020-08-28,0.11881662881545872
2020-08-29,0.5959443988191968
2020-08-30,0.6802030070052906
2020-08-31,0.5101354403314043
2020-09-01,0.48816238913085186
2020-09-02,-1.263686887797572
2020-09-03,-0.501332378061108
2020-09-04,0.8770897895937259
2020-09-05,-0.11557644449542948
2020-09-06,-0.3981977804949492
2020-09-07,-0.43680815300448184
2020-09-08,0.6609177171990903
2020-09-09,0.1919631943190676
2020-09-10,-0.34658520035361207
2020-09-11,0.12208906936239919
2020-09-12,0.09857205364868218
2020-09-13,0.9082568632153326
2020-09-14,0.5765807460068213
2020-09-15,-0.07903988540672677
2020-09-16,-0.09974273792349672
2020-09-17,0.9468194100393613
2020-09-18,1.3801751502449415
2020-09-19,0.4006369148126332
2020-09-20,-1.1346702435103657
2020-09-21,-0.733865828270772
2020-09-22,-0.06374205231748574
2020-09-23,0.8310765257084343
2020-09-24,0.829387600129303
2020-09-25,0.8276581923867602
2020-09-26,0.8258631267315323
2020-09-27,0.9866786677436518
2020-09-28,1.0191213045929144
2020-09-29,0.22679089482411252
2020-09-30,-1.107416542349935
2020-10-01,-0.10293514029842837
2020-10-02,0.6126418090939935
2020-10-03,1.248727296881693
2020-10-04,0.4842210332620174
2020-10-05,0.4944129560079835
2020-10-06,0.40830300855020707
2020-10-07,1.1748685555045113
2020-10-08,1.2822476929186732
2020-10-09,0.39279645012617415
2020-10-10,-0.30310032519558033
2020-10-11,0.5580067544932406
2020-10-12,0.3832989214946857
2020-10-13,0.4895403060147243
2020-10-14,0.7253650278014862
2020-10-15,1.2498956411430278
2020-10-16,0.8289744270988161
2020-10-17,-0.2935741749725278
2020-10-18,-1.1172566379987057
2020-10-19,-0.9755950343169989
2020-10-20,-1.5286920670993653
2020-10-21,-1.5049404966098854
2020-10-22,-1.5076800077851342
2020-10-23,-1.5104291839612096
2020-10-24,-1.5131704083624884
2020-10-25,-1.5159085107709938
2020-10-26,-1.5186744371204706
2020-10-27,-1.5214292294056933
2020-10-28,1.1085092808658341
2020-10-29,0.3153128791001101
2020-10-30,-0.49761869693929134
2020-10-31,-0.681300243201017
2020-11-01,-0.23153447994178483
2020-11-02,-0.9308894266699487
2020-11-03,-1.2235124273731404
2020-11-04,-1.350096885684352
2020-11-05,0.16940663699635988
2020-11-06,0.8935155323224331
2020-11-07,0.15880181432102228
2020-11-08,-0.23177633120098154
2020-11-09,0.026148048799434383
2020-11-10,-0.1685117390517504
2020-11-11,-1.2399922735795095
2020-11-12,-1.422236113650619
2020-11-13,-2.115825227530881
2020-11-14,-2.028972796923007
2020-11-15,-1.3109539827335472
2020-11-16,0.054491471062749826
2020-11-17,0.8445792180092049
2020-11-18,0.6170192044878932
2020-11-19,-0.9085171463212566
2020-11-20,-0.9112401190507099
2020-11-21,1.1091330129503316
2020-11-22,0.5835823469979193
2020-11-23,-0.5000818372291924
2020-11-24,-0.5027367831286139
2020-11-25,-0.7308942492003198
2020-11-26,-0.7335043239790906
2020-11-27,-1.9606256479662556
2020-11-28,-0.13839318129813655
2020-11-29,0.5253047124737309
2020-11-30,0.9961640213668234
2020-12-01,-0.4306976820516846
2020-12-02,0.7415087517221403
2020-12-03,0.28662850345401353
2020-12-04,0.5911945926159468
2020-12-05,1.057600786937408
2020-12-06,1.225798260405973
2020-12-07,1.2233188450763477
2020-12-08,1.220857620411659
2020-12-09,1.2184274910995316
2020-12-10,0.5182335470298572
2020-12-11,-0.8742518884353403
2020-12-12,-1.1806158614068467
2020-12-13,1.2139378076165697
2020-12-14,1.2573240384110314
2020-12-15,-0.40535393148558513
2020-12-16,-1.5773917589202373
2020-12-17,-2.9384649921772104
2020-12-18,-2.207347220496017
2020-12-19,-2.430674182346707
2020-12-20,-1.2982005408000656
2020-12-21,-1.4954472764385467
2020-12-22,-0.6790348313043306
2020-12-23,-0.6810172323171421
2020-12-24,0.9566990655061471
2020-12-25,0.9383702106130387
2020-12-26,-0.16834446235778927
2020-12-27,-0.17009026676441624
2020-12-28,1.32578278137355
2020-12-29,1.0136463538978981
2020-12-30,0.7235302501260363
2020-12-31,0.6735193619969607
2021-01-01,0.6720682036495593
2021-01-02,0.670645103890632
2021-01-03,0.6692603436432748
2021-01-04,-0.05989650488337109
2021-01-05,0.44570142887875713
2021-01-06,0.304252155730332
2021-01-07,0.30299023749907017
2021-01-08,0.014574997176229882
2021-01-09,-0.4877397363481957
2021-01-10,-0.13419822747755747
2021-01-11,-0.09304056599722528
2021-01-12,-0.09855080530350142
2021-01-13,0.39471455390277965
2021-01-14,0.39367455968272547
2021-01-15,-0.8397678095623838
2021-01-16,0.8909199353784736
2021-01-17,-0.3666315851957616
2021-01-18,0.3672893272360307
2021-01-19,0.0801838331972348
2021-01-20,0.4202163901817535
2021-01-21,0.4470555129234672
2021-01-22,1.0355368523679074
2021-01-23,1.2288699264715595
2021-01-24,1.2283364123594136
2021-01-25,0.965793983489721
2021-01-26,1.1036502246334907
2021-01-27,-0.041070256635225455
2021-01-28,-0.04146204844613449
2021-01-29,0.9827884414739618
2021-01-30,0.7103943994097419
2021-01-31,0.7586311022467352
2021-02-01,-0.5721758067368843
2021-02-02,-0.9595536576551411
2021-02-03,0.5701524253652254
2021-02-04,0.021472418838108003
2021-02-05,-0.6801012873674537
2021-02-06,-0.2468587348249989
2021-02-07,0.8003352573231667
2021-02-08,1.0009983751370184
2021-02-09,1.0221607305127514
2021-02-10,1.0675853761444352
2021-02-11,0.26417691642032953
2021-02-12,-0.6484751691833439
2021-02-13,0.36076710971192943
2021-02-14,1.1687042313791987
2021-02-15,0.8223221421656212
2021-02-16,-0.10760169149681836
2021-02-17,-0.1763275966175274
2021-02-18,-1.5974477341385525
2021-02-19,-0.83552019289423
2021-02-20,-1.556766297539569
2021-02-21,-1.277217756110367
2021-02-22,-1.8569202342186957
2021-02-23,-1.8561275348894186
2021-02-24,0.5952190578439214
2021-02-25,-0.9372906563144011
2021-02-26,-2.4116525600624983
2021-02-27,-0.07357447048045132
2021-02-28,0.7598550170899165
2021-03-01,0.2427741684648206
2021-03-02,-0.2822618712866342
2021-03-03,-0.2810223462599865
2021-03-04,-0.2797412735619437
2021-03-05,-0.07547344573203572
2021-03-06,-0.14044262401195562
2021-03-07,-1.4321282639603172
2021-03-08,-1.8303019615428684
2021-03-09,-0.5297243938621548
2021-03-10,1.012014971003202
2021-03-11,0.7190210537380839
2021-03-12,1.1135568577434518
2021-03-13,0.7587383799970987
2021-03-14,1.0409579987975122
2021-03-15,0.8447598903234825
2021-03-16,0.33538164029766143
2021-03-17,0.5160631937942705
2021-03-18,-0.8603938273143547
2021-03-19,-1.123085269536547
2021-03-20,-0.39362376352865713
2021-03-21,1.032760050189704
2021-03-22,1.3003157139299237
2021-03-23,1.1918397623681185
2021-03-24,0.8954381809933258
2021-03-25,-0.0200321669637096
2021-03-26,-0.7166605326904679
2021-03-27,-0.7145384850811477
2021-03-28,-0.7124098188964619
2021-03-29,-0.7102713083012192
2021-03-30,0.4587742896293328
2021-03-31,-0.445305728861384
2021-04-01,-0.9663029816313822
2021-04-02,0.21641794513798138
2021-04-03,0.823197987017931
2021-04-04,0.8028705164493137
2021-04-05,-0.4081918151409659
2021-04-06,1.1699104884227371
2021-04-07,0.6406510385960303
2021-04-08,0.46470596016437027
2021-04-09,-0.9068892802608481
2021-04-10,-0.22497374384767937
2021-04-11,-0.03910990461779032
2021-04-12,0.2235770485919389
2021-04-13,0.8766835592439811
2021-04-14,0.4781942894099295
2021-04-15,-0.9549901547109937
2021-04-16,-0.7027117046696708
2021-04-17,0.6537158051276944
2021-04-18,-1.329385845855605
2021-04-19,-0.7608038807245638
2021-04-20,-0.5886413615720774
2021-04-21,-0.5858398446524457
2021-04-22,-1.0032448257599968
2021-04-23,0.10827013782378817
2021-04-24,0.6717814797960755
2021-04-25,-1.0191244348504194
2021-04-26,-0.5288515141067125
2021-04-27,-0.5596521461589677
2021-04-28,-0.8853185741661237
2021-04-29,-0.29962789779292637
2021-04-30,-1.0606169224621618
2021-05-01,0.8501346256822075
2021-05-02,0.5915984583361221
2021-05-03,0.20666253397323187
2021-05-04,-0.5656228290380779
2021-05-05,0.831470583567506
2021-05-06,0.9963516970522759
2021-05-07,1.101699736559102
2021-05-08,0.4210242596573169
2021-05-09,-1.0043384697963365
2021-05-10,-0.8063357032504364
2021-05-11,-0.06560488173539539
2021-05-12,1.1233028591158394
2021-05-13,1.156566707706595
2021-05-14,0.5937544513402473
2021-05-15,0.35793169933906127
2021-05-16,0.8705321976404539
2021-05-17,1.0705592431603894
2021-05-18,0.45461937033583627
2021-05-19,1.1656556105726263
2021-05-20,0.9996355265202241
2021-05-21,0.11844319964039761
2021-05-22,0.7701576488700882
2021-05-23,0.4283848169342099
2021-05-24,0.06398104081565492
2021-05-25,0.45994738971429033
2021-05-26,-0.8249089697319855
2021-05-27,-0.41191800311532045
2021-05-28,0.2994197091173536
2021-05-29,-1.17348531829626
2021-05-30,0.4190442912011226
2021-05-31,0.671946666260598
2021-06-01,0.6752142317868025
2021-06-02,-1.6347029157361117
2021-06-03,-1.3136339630049758
2021-06-04,-1.5220300955029202
2021-06-05,0.32445521473912153
2021-06-06,0.34989324985698983
2021-06-07,-0.7337651285861492
2021-06-08,-0.5357678617340246
2021-06-09,0.4052575230197815
2021-06-10,0.5286551772455464
2021-06-11,0.3113255879895284
2021-06-12,0.33894220899535693
2021-06-13,-0.4042339794216772
2021-06-14,0.016540652873727787
2021-06-15,0.01952179080130906
2021-06-16,-0.8958164683505131
2021-06-17,-1.3653578154930894
2021-06-18,-0.8603132511282484
2021-06-19,-0.21361238106527305
2021-06-20,-0.2614015226874394
2021-06-21,0.4153817477350415
2021-06-22,0.13549539881994918
2021-06-23,-0.8260708375055543
2021-06-24,0.4771455716314485
2021-06-25,0.4888415036476928
2021-06-26,-0.39528277219300695
2021-06-27,-1.2837997546363957
2021-06-28,-0.5455692405080517
2021-06-29,0.20690763431636872
2021-06-30,0.653163520892812
2021-07-01,1.0385549227716275
2021-07-02,0.16108868745516125
2021-07-03,-0.39945465795966645
2021-07-04,0.6834991909341201
2021-07-05,0.7457666837283509
2021-07-06,-0.34993865412801045
2021-07-07,-1.0596613109420885
2021-07-08,-1.012625465805519
2021-07-09,0.15310995587841908
2021-07-10,-0.4468316520438783
2021-07-11,-0.23853278971786598
2021-07-12,-0.3764533643962629
2021-07-13,0.4840989578667387
2021-07-14,1.1551425626175982
2021-07-15,1.1096624460117488
2021-07-16,0.6672745652242031
2021-07-17,-0.2857161942921838
2021-07-18,0.5993313298785558
2021-07-19,0.9234572262060676
2021-07-20,0.7535191207944031
2021-07-21,-0.02438731047806284
2021-07-22,0.447591981546124
2021-07-23,-1.2069816009805283
2021-07-24,-0.7794720780220892
2021-07-25,0.3905546366356482
2021-07-26,0.20611092354738605
2021-07-27,-0.5980307704175177
2021-07-28,0.14557429483862316
2021-07-29,0.7117092371163918
2021-07-30,0.2265317842801814
2021-07-31,0.23768993981399325
2021-08-01,1.1752443957303416
2021-08-02,0.8023380054893486
2021-08-03,0.9085925590434464
2021-08-04,0.656940972102367
2021-08-05,1.457376599080078
2021-08-06,0.9515754648447379
2021-08-07,-0.15809317988701924
2021-08-08,0.7069226305506605
2021-08-09,0.29093940451662836
2021-08-10,0.10009316869932207
2021-08-11,0.3423392186303233
2021-08-12,0.24223903272403474
2021-08-13,-0.7277128658191461
2021-08-14,-0.2726185313701599
2021-08-15,-0.9687147240040814
2021-08-16,0.7937527592384503
2021-08-17,0.6864169446726806
2021-08-18,0.45721529344076434
2021-08-19,0.1178374937108054
2021-08-20,-0.3982777596395096
2021-08-21,-0.07342283265679155
2021-08-22,-0.7201972017020115
2021-08-23,0.796398611039265
2021-08-24,-0.19233365873487712
2021-08-25,-0.4118506361878312
2021-08-26,-0.859278332676255
2021-08-27,1.1427788688628195
2021-08-28,0.6037746988069208
2021-08-29,0.47299858871419126
2021-08-30,-0.7197273849946699
2021-08-31,-0.41963211630154146
2021-09-01,0.2202775674653145
2021-09-02,0.7244597489753191
2021-09-03,-0.7002790576187399
2021-09-04,-1.1985048114688193
2021-09-05,-1.2008260165138132
2021-09-06,0.24197584471095082
2021-09-07,-0.226929976505362
2021-09-08,-0.6816889006259047
2021-09-09,-1.2802888065155063
2021-09-10,-0.9534248619204154
2021-09-11,-0.9673069712056596
2021-09-12,-0.4883736365511913
2021-09-13,-0.6321567694083776
2021-09-14,-0.6354901850707249
2021-09-15,-0.5130812686259401
2021-09-16,0.2429377429850062
2021-09-17,0.8638407612005167
2021-09-18,0.4521663166876091
2021-09-19,0.46849177514917445
2021-09-20,0.8764975286539072
2021-09-21,0.2498232937659419
2021-09-22,0.8154643546942437
2021-09-23,0.4988908220724182
2021-09-24,-1.1010095944814742
2021-09-25,-1.3269480028086085
2021-09-26,-0.6438090553822208
2021-09-27,-0.05405810074896164
2021-09-28,0.4300095352549655
2021-09-29,-1.0552496827211708
2021-09-30,-0.16287400080168118
2021-10-01,0.07188273172210158
2021-10-02,-1.5081614654911324
2021-10-03,-0.7172142197367214
2021-10-04,-0.3201654552112084
2021-10-05,0.7247769039242913
2021-10-06,0.4622817942079768
2021-10-07,-0.45874543003895657
2021-10-08,-0.3542599429968796
2021-10-09,1.0866498041543482
2021-10-10,0.8845252591134812
2021-10-11,0.5428637848895018
2021-10-12,1.0699596257634194
2021-10-13,1.0666645377737223
2021-10-14,1.3658651250714584
2021-10-15,1.491873821549576
2021-10-16,0.6905164559942685
2021-10-17,-0.37344923395924556
2021-10-18,-0.5645485962018149
2021-10-19,-0.7041269018640577
2021-10-20,-0.08161699167243112
2021-10-21,1.0142206313665412
2021-10-22,0.3456858408336617
2021-10-23,-0.23631434593157266
2021-10-24,0.3930994857333076
2021-10-25,0.024139226492734242
2021-10-26,-1.2110509854767728
2021-10-27,0.2973420375936351
2021-10-28,-0.3354109702891332
2021-10-29,-1.1352147415123952
2021-10-30,-1.4286421662160558
2021-10-31,-1.7637246189173006
2021-11-01,0.4905493540058313
2021-11-02,1.0726503688466171
2021-11-03,0.9642467225551918
2021-11-04,0.7666442766910503
2021-11-05,-0.48226907161207133
2021-11-06,0.0030143098808552353
2021-11-07,-0.9179261139712318
2021-11-08,-0.2817765379317081
2021-11-09,-0.3561793452539736
2021-11-10,-0.5233390959887187
2021-11-11,-1.276133621935363
2021-11-12,-2.010904788886644
2021-11-13,-1.2861370421434315
2021-11-14,-0.954935031715827
2021-11-15,-0.7111977702949001
2021-11-16,0.3801796893469309
2021-11-17,-0.9560479338503596
2021-11-18,-0.5754288685534368
2021-11-19,0.8585335982466072
2021-11-20,0.8541800445770238
2021-11-21,-0.3374355368309812
2021-11-22,-1.2652610147711887
2021-11-23,-0.7272947810207351
2021-11-24,-0.28943124681197824
2021-11-25,-0.29380399804352636
2021-11-26,0.9235590061803057
2021-11-27,0.929293485209627
2021-11-28,1.002155172526742
2021-11-29,0.469972962365096
2021-11-30,0.9427403230472906
2021-12-01,1.0551619260824785
2021-12-02,0.9476542995871619
2021-12-03,0.943315975763249
2021-12-04,0.9389876697483807
2021-12-05,0.7632338640456747
2021-12-06,0.5470165045139747
2021-12-07,1.255936910644728
2021-12-08,0.7653850140405002
2021-12-09,0.8419720434579339
2021-12-10,0.7100015016928619
2021-12-11,0.6132645201568381
2021-12-12,1.2575674604020497
2021-12-13,1.2029882021895217
2021-12-14,1.0266454336898079
2021-12-15,0.8590095024828369
2021-12-16,0.6933070883815088
2021-12-17,1.1922019516288849
2021-12-18,1.1264002852720627
2021-12-19,0.6995246442375275
2021-12-20,0.3684530631976585
2021-12-21,-1.2140209231815384
2021-12-22,-1.8667641051176922
2021-12-23,-0.6595222312935521
2021-12-24,1.038813023462242
2021-12-25,0.8481659126482041
2021-12-26,0.6378595491422764
2021-12-27,-0.3251994372410932
2021-12-28,-1.505850276784737
2021-12-29,0.17996506384201333
2021-12-30,0.44132114183753623
2021-12-31,-0.2661209563728704
